Employee,Department,Course,Status,CompletionDate
Alice Johnson,Finance,Anti-Fraud Basics,Completed,2026-01-15
Brian Smith,IT,Cybersecurity Awareness,Completed,2026-02-03
Carla Gomez,Legal,Contract Law Refresher,In Progress,
David Lee,HR,Workplace Conduct,Completed,2026-01-28
Emma Brown,Operations,Safety Procedures,Not Started,
Frank Miller,Finance,Expense Reporting,In Progress,
Grace Kim,IT,Data Privacy,Completed,2026-03-10
Henry Davis,Legal,Compliance Essentials,Not Started,
Isabel Wilson,HR,Diversity and Inclusion,In Progress,
Jack Turner,Operations,Equipment Handling,Completed,2026-02-20
